{
    "loss": 0.08076012879610062,
    "accuracy": 0.9640287756919861
}