{
    "loss": 0.3550114929676056,
    "accuracy": 0.6978417038917542
}