{
    "loss": 0.2869884967803955,
    "accuracy": 0.8201438784599304
}